{"train": [493.9223327636719, 11.487987518310547, 10.808237075805664, 10.612055778503418, 10.52574348449707, 10.47799301147461, 10.447748184204102, 10.428339958190918, 10.41536808013916, 10.406684875488281, 10.399930953979492, 10.395554542541504, 10.392069816589355, 10.38854694366455, 10.38674259185791], "val": [10.49746322631836, 9.64958381652832, 9.501974105834961, 9.488038063049316, 9.505170822143555, 9.53341293334961, 9.566573143005371, 9.60287857055664, 9.635478973388672, 9.663487434387207, 9.68720817565918, 9.70493221282959, 9.721922874450684, 9.736509323120117, 9.751310348510742]}