{
  "train": [
    11.484368324279785,
    9.958141326904297,
    9.851615905761719,
    9.710208892822266,
    9.594889640808105,
    9.558242797851562,
    9.51115894317627,
    9.42803955078125,
    9.39492130279541,
    9.37707233428955,
    9.405505180358887,
    9.343582153320312,
    9.289932250976562,
    9.304025650024414,
    9.294339179992676,
    9.280633926391602,
    9.243663787841797,
    9.229382514953613,
    9.23852825164795,
    9.230384826660156,
    9.234007835388184,
    9.1962251663208,
    9.245426177978516,
    9.206175804138184,
    9.199623107910156,
    9.22541332244873,
    9.184599876403809,
    9.175708770751953,
    9.183723449707031,
    9.161759376525879
  ],
  "val": [
    8.119563102722168,
    8.159978866577148,
    8.254022598266602,
    8.24910831451416,
    8.310820579528809,
    8.358521461486816,
    8.45265007019043,
    8.432539939880371,
    8.576226234436035,
    8.506657600402832,
    8.631162643432617,
    8.845917701721191,
    8.82830810546875,
    8.621757507324219,
    8.708046913146973,
    8.759814262390137,
    8.904983520507812,
    8.753242492675781,
    8.840093612670898,
    8.861849784851074,
    8.950929641723633,
    8.79866886138916,
    8.823354721069336,
    8.840476036071777,
    8.835265159606934,
    8.923715591430664,
    8.891709327697754,
    8.95085620880127,
    9.031523704528809,
    9.01050853729248
  ]
}