{
  "train": [
    212.6515350341797,
    131.8365020751953,
    95.37629699707031,
    93.5481948852539,
    91.3885726928711,
    91.0008544921875,
    90.83563995361328,
    90.77252197265625,
    90.77394104003906,
    90.75938415527344
  ],
  "val": [
    131.75367736816406,
    75.88551330566406,
    76.10704040527344,
    92.64168548583984,
    99.41279602050781,
    105.04006958007812,
    109.20478820800781,
    110.92876434326172,
    112.81245422363281,
    114.46614074707031
  ],
  "exact_likelihood": true,
  "num_valid_donors": 705.0
}